Gdepth,Gheading,Gpitch,Groll,PAD,RAD,OAD,depth,heading,pitch,roll,aoa,dz
0.22695705567969718,203.07424933700025,-2.140920532747372,0.17884249599862378,2536.2008708922626,1866.369116796178,1727.5750465230296,0.22695705567969718,203.07424933700025,-2.140920532747372,0.17884249599862378,0.22712290582695027,0.0
0.2744187242919985,203.0852401074783,1.6012772691902213,0.365567158788341,2648.1080903607744,1865.6335151088058,1726.0670120944599,0.2744187242919985,203.0852401074783,1.6012772691902213,0.365567158788341,-0.9033653410152981,0.047461668612301305
0.3124988531926426,202.8961400686204,1.5651678318911797,0.5671551084000146,2585.778202306306,1866.930498156281,1718.0158208737332,0.3124988531926426,202.8961400686204,1.5651678318911797,0.5671551084000146,-0.8970199941082696,0.038080128900644106
0.34463285025711576,202.92414807722633,-6.250616859177255,0.5285383035200485,2624.0859569008844,1868.5132898659292,1676.7655518044137,0.34463285025711576,202.92414807722633,-6.250616859177255,0.5285383035200485,-0.2728061989062004,0.032133997064473174
0.3504168553335242,202.88129096665295,-7.791958830264597,0.15507790213717354,2765.9388231876324,1870.5787026244052,1686.3191236382931,0.3504168553335242,202.88129096665295,-7.791958830264597,0.15507790213717354,2.1476351657768893,0.005784005076408416
0.3530068104142523,202.83993773194626,-5.404161317129203,0.26355745068479186,2669.939430113809,1873.4046781364054,1680.1454551134675,0.3530068104142523,202.83993773194626,-5.404161317129203,0.26355745068479186,0.8892418671011679,0.0025899550807281235
0.38768396874494393,203.26970635212794,-1.677395333009533,0.35819072314791334,2566.9451764371393,1871.8161648220532,1639.3661813333777,0.38768396874494393,203.26970635212794,-1.677395333009533,0.35819072314791334,-0.6111907196218402,0.034677158330691626
0.4306760208088395,203.25644944503233,-2.357752453982317,0.40791109566072276,2371.238187116699,1871.7099943077621,1658.7689491949925,0.4306760208088395,203.25644944503233,-2.357752453982317,0.40791109566072276,1.1622106176993658,0.04299205206389556
0.4675115040822289,203.1983215842906,6.512160694303801,0.5711031707154332,2200.737027769226,1871.6016291510343,1689.8121619827866,0.4675115040822289,203.1983215842906,6.512160694303801,0.5711031707154332,-1.537272913939943,0.036835483273389424
0.5396357909896243,202.70130711774058,12.129187383983759,0.3622651254664613,1908.4256270764504,1871.3152434564458,1721.3479576879758,0.5396357909896243,202.70130711774058,12.129187383983759,0.3622651254664613,-3.2258787346097963,0.07212428690739542
0.5881363999099265,202.74428706260284,10.375674922071767,0.7025460982556013,2041.2981112970658,1870.1263415792298,1729.4022092944367,0.5881363999099265,202.74428706260284,10.375674922071767,0.7025460982556013,-0.535128949091632,0.04850060892030217
0.6016157098786802,202.3306402655767,14.410434796985687,0.5248992978788916,2348.3941670088757,1867.583173085977,1730.9744881123502,0.6016157098786802,202.3306402655767,14.410434796985687,0.5248992978788916,-2.698662209113966,0.013479309968753683
0.631361662064824,202.36028526028335,23.8563863281157,0.64485328835082,2586.471915556525,1867.6914772826383,1758.4151122625974,0.631361662064824,202.36028526028335,23.8563863281157,0.64485328835082,-3.987357039426145,0.029745952186143843
0.67108698157421,202.70630675376214,23.8563863281157,0.3444237171077748,2319.608098078422,1866.37881099031,1792.462695845844,0.67108698157421,202.70630675376214,23.8563863281157,0.3444237171077748,-3.5372779288681775,0.03972531950938596
0.7077370272460002,202.78613308998362,23.8563863281157,0.18250904473233598,2443.441588062191,1866.5001853670578,1814.7426671775756,0.7077370272460002,202.78613308998362,23.8563863281157,0.18250904473233598,-2.4358687264272403,0.0366500456717902
0.7418585067052075,202.87323224905245,21.533963057431194,0.44395802086903535,2679.090148764092,1865.1690166965534,1794.6576232525088,0.7418585067052075,202.87323224905245,21.533963057431194,0.44395802086903535,-3.210057167748367,0.03412147945920729
0.7827368682377739,202.85960330349863,23.8563863281157,0.3935547994279409,2602.0385015319944,1863.3608826055022,1798.0617551834491,0.7827368682377739,202.85960330349863,23.8563863281157,0.3935547994279409,-4.777575075362585,0.04087836153256641
0.7945924599253411,202.92773594409167,22.580998093485192,0.5329636597784371,2618.0360372915657,1863.7869907387699,1806.2091249198747,0.7945924599253411,202.92773594409167,22.580998093485192,0.5329636597784371,-2.8432727099105986,0.011855591687567224
0.860107317643912,202.82598535001358,14.44150469006699,0.5650503518292278,2287.9558386693234,1864.0671892579396,1768.7585996649018,0.860107317643912,202.82598535001358,14.44150469006699,0.5650503518292278,-2.6512154277717723,0.0655148577185709
0.8983916351979736,202.8642067120194,11.310918542257514,0.537688792983401,2337.3287415675995,1865.0476315493936,1778.0949243468117,0.8983916351979736,202.8642067120194,11.310918542257514,0.537688792983401,0.19128619019083914,0.03828431755406159
0.8992803497175044,203.2004092853531,13.43818757429792,0.7623935207459147,2167.6554305296095,1868.655773232746,1823.6798437910657,0.8992803497175044,203.2004092853531,13.43818757429792,0.7623935207459147,-2.016847858142578,0.0008887145195307644
0.9027774080875567,203.71099037413032,12.52421945258947,0.7065837519597098,2208.435289928807,1869.0468239433237,1835.3635552852115,0.9027774080875567,203.71099037413032,12.52421945258947,0.7065837519597098,-4.113668415787087,0.0034970583700523195
0.9197395269059955,203.97194305356538,8.51472834887883,0.3883274710922705,1959.7674280623874,1869.7724514555925,1863.65073738665,0.9197395269059955,203.97194305356538,8.51472834887883,0.3883274710922705,-0.9198442801761504,0.016962118818438787
1.0008672730075978,203.54758845240016,4.490793014246226,0.246823740323511,2060.9653318266205,1867.908659896757,1865.3026984011033,1.0008672730075978,203.54758845240016,4.490793014246226,0.246823740323511,1.2709788401232947,0.08112774610160234
1.0373172190815547,203.88391634959908,0.3703774357233076,0.3412459858892492,2239.0908630549834,1865.7371858933047,1861.7474525023756,1.0373172190815547,203.88391634959908,0.3703774357233076,0.3412459858892492,1.5203636731868935,0.03644994607395691
1.075109487148633,203.95759835928502,-4.578818483698187,0.4062054421672371,2117.3414719414404,1868.337863010533,1867.4445005853058,1.075109487148633,203.95759835928502,-4.578818483698187,0.4062054421672371,2.5177770613112935,0.03779226806707836
1.11168998384894,204.1025882336929,8.62969284621415,0.133511286570755,1940.0424522141873,1866.7566571430993,1848.8449186926825,1.11168998384894,204.1025882336929,8.62969284621415,0.133511286570755,-2.3142141123135858,0.03658049670030694
1.1206223171879874,203.54195843384724,10.13827979614837,0.013147779940433688,1599.2410298085706,1865.0085756264248,1827.6286062105128,1.1206223171879874,203.54195843384724,10.13827979614837,0.013147779940433688,-0.6085895734454765,0.008932333339047416
1.155651775464278,203.61836153578577,14.95859264756816,-0.0792089120824515,1574.9956713692004,1864.9512287931718,1851.8866686960146,1.155651775464278,203.61836153578577,14.95859264756816,-0.0792089120824515,-2.9657834368719356,0.03502945827629067
1.17386447440514,203.36295513904986,11.796067303034475,-0.13180419418875255,1499.5716420330332,1864.810837588613,1877.801649121394,1.17386447440514,203.36295513904986,11.796067303034475,-0.13180419418875255,-1.5451206960382469,0.01821269894086197
1.176439170901488,203.2169882928604,10.455316283912312,-0.35566201814764653,1266.7503084313269,1863.334731764558,1855.4540833600465,1.176439170901488,203.2169882928604,10.455316283912312,-0.35566201814764653,-2.8412498713265792,0.0025746964963480057
1.18074556997488,203.0752096551972,6.14903215343113,-0.44493404008619136,1367.0822950431873,1862.8727569948874,1873.1295339975077,1.18074556997488,203.0752096551972,6.14903215343113,-0.44493404008619136,-1.5668105878973857,0.004306399073391809
1.2249629730173281,203.1679229907331,-9.069852971227563,-0.5486742391812562,1317.3919347214157,1864.9483054290276,1869.1401550019693,1.2249629730173281,203.1679229907331,-9.069852971227563,-0.5486742391812562,0.6842312483205192,0.044217403042448256
1.273763167726666,203.13761589513095,-16.57582641005523,-0.39269677288631666,1166.1214629690544,1863.6284831649282,1873.8517548336115,1.273763167726666,203.13761589513095,-16.57582641005523,-0.39269677288631666,3.3849292416509007,0.04880019470933794
1.2968372495662421,203.05819384812352,-26.321224130053707,-0.23496904729125728,1103.304218777377,1861.3666864028514,1880.901537610512,1.2968372495662421,203.05819384812352,-26.321224130053707,-0.23496904729125728,4.748902741177711,0.023074081839576044
1.3354495224549294,202.38470262189455,-38.276211616267894,-0.2453179703389573,1308.2529767826604,1862.9997997879805,1898.6003715742281,1.3354495224549294,202.38470262189455,-38.276211616267894,-0.2453179703389573,6.018251471771004,0.03861227288868729
1.3829501279693042,202.41828609142692,-43.6349407687595,-0.29747491770854095,1432.3291220512815,1863.858256821636,1897.5292605010134,1.3829501279693042,202.41828609142692,-43.6349407687595,-0.29747491770854095,5.194819697258539,0.04750060551437474
1.415316125282535,202.37782963958958,-34.92856561575774,-0.25707261379628615,1433.7782930593407,1862.8658592244183,1904.81050254094,1.415316125282535,202.37782963958958,-34.92856561575774,-0.25707261379628615,4.927645408413941,0.032365997313230865
1.454238333591677,203.2538567336437,-34.061326238428734,-0.38149534861596435,1557.9941621226517,1860.308715674921,1904.81050254094,1.454238333591677,203.2538567336437,-34.061326238428734,-0.38149534861596435,4.363082452821583,0.03892220830914206
1.4635741525426835,203.3934562488878,-25.614523915626126,-0.5586771496004517,1387.949810613762,1859.1828104490799,1904.81050254094,1.4635741525426835,203.3934562488878,-25.614523915626126,-0.5586771496004517,4.71185434403841,0.009335818951006436
1.4896641439092577,203.42526891087334,-22.43215602533776,-0.695201897975454,1416.906138100481,1859.216264318216,1904.81050254094,1.4896641439092577,203.42526891087334,-22.43215602533776,-0.695201897975454,4.543008256617848,0.026089991366574194
1.565927309167144,203.49817290978163,-17.228365477601567,-0.7753896623880056,1464.1260192678992,1861.2599724518186,1904.81050254094,1.565927309167144,203.49817290978163,-17.228365477601567,-0.7753896623880056,3.640640407671118,0.07626316525788623
1.6023936893572723,203.19673065509528,-21.771444307563783,-0.9436012648977216,1409.2383789759233,1859.6339558127245,1904.81050254094,1.6023936893572723,203.19673065509528,-21.771444307563783,-0.9436012648977216,2.510497226717547,0.03646638019012838
1.641642858097853,203.03105935898483,-18.060780722879596,-0.8800288499250564,1503.84214426229,1859.6092572048972,1904.81050254094,1.641642858097853,203.03105935898483,-18.060780722879596,-0.8800288499250564,-0.03041601385753978,0.03924916874058071
1.6485789762072722,202.92111830207534,-13.294887522294879,-0.721263807070895,1397.2479116604318,1860.8368196467027,1904.81050254094,1.6485789762072722,202.92111830207534,-13.294887522294879,-0.721263807070895,0.22727123021417728,0.006936118109419187
1.6949270093391346,203.00468944297432,-16.108699359787888,-0.963561814279347,1504.2807791523128,1857.0035079520173,1904.81050254094,1.6949270093391346,203.00468944297432,-16.108699359787888,-0.963561814279347,3.8379318820503916,0.04634803313186242
1.723204751448759,203.1602347934298,-12.365162938171881,-0.9228131403212927,1616.0637629183475,1858.8741510063596,1904.81050254094,1.723204751448759,203.1602347934298,-12.365162938171881,-0.9228131403212927,1.453519501405958,0.028277742109624304
1.72596705043152,203.32655034865968,-8.696062014145557,-0.925206169642149,1156.9782791536659,1857.0554900871625,1904.81050254094,1.72596705043152,203.32655034865968,-8.696062014145557,-0.925206169642149,0.553684683856721,0.0027622989827611466
1.7658537024463887,202.8470707107754,-11.493478539812719,-0.8314901320477724,1380.3599273887767,1857.768690358055,1897.0647474227974,1.7658537024463887,202.8470707107754,-11.493478539812719,-0.8314901320477724,3.366682074408142,0.03988665201486863
1.8027980891920998,201.90064374901715,-17.47261976827845,-0.8012151998972169,904.6017661941348,1858.327049859039,1904.81050254094,1.8027980891920998,201.90064374901715,-17.47261976827845,-0.8012151998972169,3.8860529107300943,0.0369443867457111
1.8436010600324062,201.77165152342062,-23.621958039027533,-1.0182791352625733,836.9378231043223,1860.2549301383017,1901.266274640387,1.8436010600324062,201.77165152342062,-23.621958039027533,-1.0182791352625733,3.5677424277739163,0.040802970840306374
1.8792031417637918,201.52418127537865,-22.347933580612224,-1.1961239368740777,1039.6808344245796,1861.2648902790181,1904.81050254094,1.8792031417637918,201.52418127537865,-22.347933580612224,-1.1961239368740777,3.0587869460278596,0.03560208173138557
1.948057533014368,201.26256198266194,-19.74196129811357,-1.1476637458770063,1018.2876744150406,1857.4295701797814,1904.81050254094,1.948057533014368,201.26256198266194,-19.74196129811357,-1.1476637458770063,2.82919298190391,0.06885439125057613
1.9596965180241923,201.2838002192805,-23.59223478463849,-0.929713375227597,808.9977025121511,1856.295079418132,1904.81050254094,1.9596965180241923,201.2838002192805,-23.59223478463849,-0.929713375227597,3.7659980160832394,0.01163898500982441
1.9620810495229841,201.00829180203235,-22.66047124537448,-1.2730239353956219,664.9444198874114,1856.7041622204822,1904.81050254094,1.9620810495229841,201.00829180203235,-22.66047124537448,-1.2730239353956219,4.9991179681257805,0.0023845314987918087
1.968171079432214,201.05268293822948,-18.65773295921982,-1.1681518775050577,871.3826355134445,1856.5560446745278,1904.81050254094,1.968171079432214,201.05268293822948,-18.65773295921982,-1.1681518775050577,3.2211273681201997,0.00609002990922991
2.009575426594696,200.32466891587296,-14.503590762197184,-0.9220743656640157,612.0,1857.5191770770878,1898.385431847959,2.009575426594696,200.32466891587296,-14.503590762197184,-0.9220743656640157,2.9015676473687186,0.04140434716248187
2.025958434991639,199.92611886081247,-5.154784472315795,-0.9130443546719521,815.0588503628384,1858.9767547353074,1891.6781385652516,2.025958434991639,199.92611886081247,-5.154784472315795,-0.9130443546719521,1.9424877799175406,0.016383008396942955
2.1012148611112935,199.95924301966517,2.347438774415088,-0.7839952783774858,841.1347741879542,1860.1070713430665,1904.81050254094,2.1012148611112935,199.95924301966517,2.347438774415088,-0.7839952783774858,-1.5217918171866822,0.07525642611965466
2.1463298998937548,200.04496330001015,-3.354867724940925,-0.8731946831341085,680.266934988939,1859.8591014277706,1876.0133063356056,2.1463298998937548,200.04496330001015,-3.354867724940925,-0.8731946831341085,1.2580920512151816,0.04511503878246126
2.186085903725366,199.47341934316646,6.409814902842234,-0.8598734431291766,622.4881392638309,1856.9267965519225,1840.026816081859,2.186085903725366,199.47341934316646,6.409814902842234,-0.8598734431291766,-1.2560409900879463,0.03975600383161115
2.2219650480694635,198.87175629345512,3.2650513958499796,-1.1037973865697666,612.0,1856.3449749699137,1855.0962412173285,2.2219650480694635,198.87175629345512,3.2650513958499796,-1.1037973865697666,-3.0058529051502627,0.03587914434409756
2.2592184063692984,198.82599301037834,9.192345308287894,-1.4641491089393137,678.21143747264,1857.211413897923,1841.0433935692784,2.2592184063692984,198.82599301037834,9.192345308287894,-1.4641491089393137,-3.507021338228996,0.03725335829983489
2.267468400599697,198.97214189570786,9.37643721617436,-1.251417400099497,836.1142304259203,1855.577609803507,1831.529029717488,2.267468400599697,198.97214189570786,9.37643721617436,-1.251417400099497,-2.4245831939448395,0.008249994230398627
2.296751731085954,198.9177276713419,6.819640789707934,-1.3748186608124024,612.0,1856.8135167939372,1792.6187474285293,2.296751731085954,198.9177276713419,6.819640789707934,-1.3748186608124024,-0.4917228898636087,0.029283330486256975
2.3071889155235956,199.01874627636087,-3.6109751493894233,-1.4039504667755234,612.0,1858.481338645052,1778.2801463373382,2.3071889155235956,199.01874627636087,-3.6109751493894233,-1.4039504667755234,0.6554458377487099,0.010437184437641633
2.320309268999464,198.86107601202247,-4.407521797692673,-1.5914448718594643,612.0,1858.8280133759538,1777.7915740008734,2.320309268999464,198.86107601202247,-4.407521797692673,-1.5914448718594643,0.845494976829565,0.013120353475868374
2.3567049658051027,198.94135152023813,-13.086664232601768,-1.7773389071721686,715.358093130267,1853.9102409917693,1796.2602905710035,2.3567049658051027,198.94135152023813,-13.086664232601768,-1.7773389071721686,3.9139431175769572,0.0363956968056387
2.367206236307463,198.49075573428613,-7.1107604869406575,-1.746210903872177,612.0,1852.0332673481967,1779.985290562044,2.367206236307463,198.49075573428613,-7.1107604869406575,-1.746210903872177,-0.20247554181871363,0.01050127050236016
2.4096053803069504,198.577427509576,1.8163653702242213,-1.811078156390794,834.9027680591541,1855.407895713294,1813.0962924464395,2.4096053803069504,198.577427509576,1.8163653702242213,-1.811078156390794,-0.2998881597173568,0.04239914399948752
2.4096053803069504,198.6362922380326,-2.7056404471861626,-1.684548937928015,864.1564210265725,1854.7064101519231,1798.2354848200148,2.4096053803069504,198.6362922380326,-2.7056404471861626,-1.684548937928015,0.71028158989174,0.0
2.4447069181872534,198.57654930735845,-0.8315864651573606,-1.5490605467894156,707.8212269096406,1851.6500835045858,1783.7014722431902,2.4447069181872534,198.57654930735845,-0.8315864651573606,-1.5490605467894156,-0.6115351467647314,0.03510153788030301
2.516571025409803,198.42904783817104,-4.866702740539202,-1.440162687401046,634.0570207020313,1853.9597606844225,1814.313644211569,2.516571025409803,198.42904783817104,-4.866702740539202,-1.440162687401046,0.7583321561638212,0.07186410722254966
2.516571025409803,198.49727110943195,-8.228681326132543,-1.3486007524465886,612.0,1854.209824133116,1817.5289958239919,2.516571025409803,198.49727110943195,-8.228681326132543,-1.3486007524465886,-0.36564713516446345,0.0
2.5799143917465233,198.31134862372227,-3.4969368381706643,-1.030715847634426,612.0,1856.2535881902768,1805.2568111731239,2.5799143917465233,198.31134862372227,-3.4969368381706643,-1.030715847634426,1.9344467430006276,0.06334336633672022
2.6102575317992844,197.43381031110707,-3.5390455766360343,-1.1748670100358005,612.0,1856.8921374207525,1801.2477143658602,2.6102575317992844,197.43381031110707,-3.5390455766360343,-1.1748670100358005,-0.15075771603502863,0.030343140052761175
2.6102575317992844,197.4064356712215,6.550550237386174,-1.1414743685057425,612.0,1857.8171549570354,1827.7862237540382,2.6102575317992844,197.4064356712215,6.550550237386174,-1.1414743685057425,1.0488176291705769,0.0
2.625567453368537,197.41679797000188,3.679262508378332,-0.9059356549820212,612.0,1858.5662260619101,1856.0792973152934,2.625567453368537,197.41679797000188,3.679262508378332,-0.9059356549820212,-0.5843637001742048,0.015309921569252705
2.6666344755261573,197.3897443734089,9.334705843745548,-0.6549096461921509,612.0,1859.8514667565585,1837.687494499503,2.6666344755261573,197.3897443734089,9.334705843745548,-0.6549096461921509,-0.372152311162649,0.04106702215762015
2.6853189738417287,197.03242269178847,9.682173225773447,-0.8709171389463845,612.0,1863.7144143317653,1835.3064335127317,2.6853189738417287,197.03242269178847,9.682173225773447,-0.8709171389463845,-1.5056288528571713,0.018684498315571396
2.7244289401370465,196.73416302649164,13.997844434263769,-0.8906757905704624,612.0,1865.3473913252233,1835.6514695737608,2.7244289401370465,196.73416302649164,13.997844434263769,-0.8906757905704624,-2.1304204974000953,0.03910996629531782
2.7681288639574473,196.66789352509284,11.102961383744855,-0.6241001323582028,612.0,1862.7436287953203,1814.2452100654389,2.7681288639574473,196.66789352509284,11.102961383744855,-0.6241001323582028,-2.249473540783736,0.04369992382040078
2.7693788204849623,196.16171224283087,10.560070772790388,-0.510924753612666,612.0,1863.5320117320412,1812.065305181409,2.7693788204849623,196.16171224283087,10.560070772790388,-0.510924753612666,-1.4648866865522805,0.0012499565275150282
2.8454585881535515,196.0498625395346,9.657802237946933,-0.45465305005730583,612.0,1865.4495427169948,1811.1614249324127,2.8454585881535515,196.0498625395346,9.657802237946933,-0.45465305005730583,-1.1306716412779927,0.07607976766858915
2.885491770351374,196.118335800376,4.677535329394202,-0.47070582230655744,612.0,1867.4296008044744,1833.2015726184186,2.885491770351374,196.118335800376,4.677535329394202,-0.47070582230655744,-1.4858888083243103,0.04003318219782237
2.9203625929591,196.1031471107971,8.381668290644013,-0.5146918431273213,612.0,1866.6853051382495,1856.158744926838,2.9203625929591,196.1031471107971,8.381668290644013,-0.5146918431273213,-1.3822946594564862,0.034870822607726115
2.954278553609052,195.78308265972635,11.907266587284866,-0.4424066338329842,612.0,1868.5784334503323,1847.6150785506074,2.954278553609052,195.78308265972635,11.907266587284866,-0.4424066338329842,-2.3961888541498437,0.03391596064995195
3.001784456642427,195.69588358864692,15.00410581505914,-0.46476056161620993,612.0,1870.0428402113791,1841.5705878387264,3.001784456642427,195.69588358864692,15.00410581505914,-0.46476056161620993,0.04904819735596799,0.04750590303337532
3.013679815176877,195.73464982012143,23.38271253817345,-0.45055752943982663,612.0,1874.1882014896837,1853.3885050299352,3.013679815176877,195.73464982012143,23.38271253817345,-0.45055752943982663,-3.597137650637636,0.011895358534449674
3.05266003517383,195.57517582687422,23.8563863281157,-0.4160527321083489,612.0,1872.7758441110257,1839.7291867987037,3.05266003517383,195.57517582687422,23.8563863281157,-0.4160527321083489,-2.033225797520796,0.038980219996953114
3.0906815573656865,195.55435950615197,23.8563863281157,-0.5120144840693936,612.0,1871.7914894671808,1850.0556758727823,3.0906815573656865,195.55435950615197,23.8563863281157,-0.5120144840693936,-3.7740802800250437,0.038021522191856505
3.0960131896518397,195.38433798876667,23.8563863281157,-0.3980877821773432,612.0,1871.1584914574994,1846.5086534674133,3.0960131896518397,195.38433798876667,23.8563863281157,-0.3980877821773432,-3.3191703076824473,0.005331632286153187
3.129349446241618,195.2566096035215,23.8563863281157,0.11989126039270992,612.0,1870.2347902932993,1825.225467654179,3.129349446241618,195.2566096035215,23.8563863281157,0.11989126039270992,-4.899822020862624,0.033336256589778124
3.16807659133802,195.04165914562745,23.8563863281157,-0.18012254240179454,612.0,1868.6707793109915,1804.6217089597542,3.16807659133802,195.04165914562745,23.8563863281157,-0.18012254240179454,-4.02553054108522,0.03872714509640218
3.178525864921279,194.99806290337594,20.389755640541058,-0.11175180050611112,612.0,1864.0523081416657,1832.99134059229,3.178525864921279,194.99806290337594,20.389755640541058,-0.11175180050611112,-2.8479286752919117,0.010449273583259089
3.217056671248339,195.37825621043694,23.8563863281157,-0.23088928155142224,612.0,1863.362220313863,1828.4015271593987,3.217056671248339,195.37825621043694,23.8563863281157,-0.23088928155142224,-1.9924541182574884,0.03853080632705996
3.2246871693174186,195.5870713448996,23.8563863281157,-0.11765217704523756,612.0,1864.010851615846,1860.2003407717386,3.2246871693174186,195.5870713448996,23.8563863281157,-0.11765217704523756,-3.356475171541084,0.007630498069079561
3.2591479107152947,195.4201950550815,23.8563863281157,-0.09861531856896658,612.0,1863.2251603824852,1847.8502182470568,3.2591479107152947,195.4201950550815,23.8563863281157,-0.09861531856896658,-2.1947375880243563,0.03446074139787614
3.296481864687168,195.45573959756877,23.8563863281157,0.04220483724196533,612.0,1866.457008977645,1852.0057755396565,3.296481864687168,195.45573959756877,23.8563863281157,0.04220483724196533,-2.9377288390144347,0.037333953971873335
3.3281775054432896,195.5258007233845,20.974222520459072,0.24955714829765613,612.0,1866.4571607807043,1898.5302437175083,3.3281775054432896,195.5258007233845,20.974222520459072,0.24955714829765613,-1.5187320386041752,0.031695640756121524
3.3984185121476074,195.15191393531703,8.943062433452013,0.28252827433157984,612.0,1868.5626128469612,1874.429168940391,3.3984185121476074,195.15191393531703,8.943062433452013,0.28252827433157984,-1.4005015823228573,0.07024100670431777
3.437643343000829,195.03666050599531,13.281252466871326,0.4752378562081361,612.0,1868.9293778021529,1833.8325562632845,3.437643343000829,195.03666050599531,13.281252466871326,0.4752378562081361,0.3980348406211054,0.039224830853221704
3.5053418621514227,194.91365410602197,13.299845618667316,0.0675228449055078,612.0,1870.2197868031042,1858.376330520718,3.5053418621514227,194.91365410602197,13.299845618667316,0.0675228449055078,-2.48037304571422,0.06769851915059366
3.540509346537166,195.28481697573855,14.400196970311812,0.34509370554985525,612.0,1870.5827737643651,1839.736254383917,3.540509346537166,195.28481697573855,14.400196970311812,0.34509370554985525,-2.9264913797444407,0.035167484385743464
3.5863381497023146,195.04373621175137,6.48416558938093,0.4064401986428616,612.0,1872.7338383756783,1837.7531363601433,3.5863381497023146,195.04373621175137,6.48416558938093,0.4064401986428616,-2.182677688096174,0.04582880316514837
3.624144825639436,195.19465678413462,6.2298147855671795,0.5861597726735784,612.0,1872.6785893308765,1824.39178352175,3.624144825639436,195.19465678413462,6.2298147855671795,0.5861597726735784,1.3965524537229934,0.037806675937121614
3.6677892928869245,194.5029496130108,17.529579908913973,0.36745391364402824,612.0,1873.3497713839286,1828.5510274317585,3.6677892928869245,194.5029496130108,17.529579908913973,0.36745391364402824,-1.8099894137191985,0.04364446724748827
3.7110655152604948,194.57216709602628,21.771748650176292,0.2218673113219363,612.0,1873.7936668942752,1808.0080346443929,3.7110655152604948,194.57216709602628,21.771748650176292,0.2218673113219363,-3.599883030906752,0.04327622237357032
3.7463941626136616,195.37708633103315,22.15796335345674,0.24771806354225287,612.0,1873.1500113347854,1803.4427857238122,3.7463941626136616,195.37708633103315,22.15796335345674,0.24771806354225287,-2.074671806145016,0.035328647353166875
3.7463941626136616,195.06775899896613,19.06444430246139,0.2449155790933586,612.0,1873.6615880883278,1811.6905895900572,3.7463941626136616,195.06775899896613,19.06444430246139,0.2449155790933586,-2.171974460251426,0.0
3.779233907700216,194.88955499851028,16.317142261398395,0.2935315567987024,612.0,1877.0,1790.3177342859356,3.779233907700216,194.88955499851028,16.317142261398395,0.2935315567987024,-0.48144386783416904,0.032839745086554295
3.79427183195963,194.94474111098003,3.7699893168730583,0.47777962847624156,612.0,1876.4955516361292,1775.5988151373833,3.79427183195963,194.94474111098003,3.7699893168730583,0.47777962847624156,-2.11333123027087,0.01503792425941386
3.833874583062526,194.9085657553111,5.197221723857841,0.16904185041890302,664.911992747467,1876.9640818135156,1768.2992240982471,3.833874583062526,194.9085657553111,5.197221723857841,0.16904185041890302,-1.0449433668929307,0.03960275110289624
3.8543494458980208,194.85805237629705,9.930614609221395,0.33808961394369674,783.1243659580748,1877.0,1739.299504145512,3.8543494458980208,194.85805237629705,9.930614609221395,0.33808961394369674,-1.9521135753260348,0.02047486283549471
3.8543494458980208,195.25403016680852,0.7288300266009173,0.3369070337584638,846.8396103890017,1877.0,1731.2072185290356,3.8543494458980208,195.25403016680852,0.7288300266009173,0.3369070337584638,-2.083007180398739,0.0
3.86454614002923,195.17927214363823,-2.988631179655368,0.2994855928795584,789.444649844653,1877.0,1734.212792385285,3.86454614002923,195.17927214363823,-2.988631179655368,0.2994855928795584,1.5086218817279993,0.01019669413120905
3.8873267999541303,195.1108372229164,-9.42058430288919,0.046404461161086485,830.1542340686774,1875.910197738555,1726.6871093927905,3.8873267999541303,195.1108372229164,-9.42058430288919,0.046404461161086485,1.14269108963002,0.022780659924900526
3.928509199297279,194.8508049435088,-14.5650962718621,0.13860422619257676,823.6429452358996,1876.550662604316,1721.9011636387124,3.928509199297279,194.8508049435088,-14.5650962718621,0.13860422619257676,2.924395645765877,0.04118239934314882
3.996442647026061,194.82688896548507,-13.750917026428118,-0.2709530426445631,729.7440768768574,1872.6696749535677,1722.2910031121512,3.996442647026061,194.82688896548507,-13.750917026428118,-0.2709530426445631,4.422409488293829,0.06793344772878163
4.027216415042201,195.5512517927978,-25.140824024721496,-0.14437066269468668,719.0428121542785,1874.9456797080702,1709.8283465170598,4.027216415042201,195.5512517927978,-25.140824024721496,-0.14437066269468668,3.4178799118806156,0.030773768016139957
4.0808706834094854,195.79724871274234,-20.814523161010424,-0.38772663122302226,788.5893947900846,1875.033274801803,1724.821897128436,4.0808706834094854,195.79724871274234,-20.814523161010424,-0.38772663122302226,2.7010254914944083,0.05365426836728471
4.084585480393123,195.34941400380123,-15.82278873476859,-0.3594071919713744,698.466613931049,1876.4871128877073,1754.5636853456945,4.084585480393123,195.34941400380123,-15.82278873476859,-0.3594071919713744,2.4920824799392847,0.003714796983637747
4.119112000139733,195.32237979793584,-16.706114500381787,-0.36146581716744564,612.0,1874.7781330412492,1745.3213183192124,4.119112000139733,195.32237979793584,-16.706114500381787,-0.36146581716744564,3.4931645280406776,0.03452651974660981
4.15237502644118,195.4485791779559,-30.265148267840225,-0.14302430965818116,612.0,1872.031616691735,1755.4463248928807,4.15237502644118,195.4485791779559,-30.265148267840225,-0.14302430965818116,3.973059214865884,0.03326302630144706
4.153186429684835,195.3286530786717,-34.961316463678656,-0.16174979119868715,612.0,1872.3279040952714,1750.7267681649498,4.153186429684835,195.3286530786717,-34.961316463678656,-0.16174979119868715,4.613235872419668,0.0008114032436550289
4.196933331502595,195.24318217435814,-26.816017563526685,-0.2680889602114176,657.4174668145884,1872.1332260876768,1758.3253749699506,4.196933331502595,195.24318217435814,-26.816017563526685,-0.2680889602114176,5.079591904770368,0.04374690181775964
4.211497951638743,194.9709822766498,-41.7654103203357,-0.3391592103667178,733.6516127808424,1871.1878573305194,1790.0192239361354,4.211497951638743,194.9709822766498,-41.7654103203357,-0.3391592103667178,6.64345087188839,0.014564620136148676
4.260612740023965,194.66202356156901,-42.41977305070593,-0.10370939905125542,928.5961971339974,1871.2108555955776,1799.7242165380442,4.260612740023965,194.66202356156901,-42.41977305070593,-0.10370939905125542,4.318237694601068,0.04911478838522143
4.2972622040707185,195.0682139977768,-43.6349407687595,-0.001318966221063006,975.8366133925401,1875.6540411042947,1763.1347181146932,4.2972622040707185,195.0682139977768,-43.6349407687595,-0.001318966221063006,5.319849315844817,0.03664946404675362
4.32061124169642,194.66710963657616,-41.70703967790953,-0.059699459880870526,1071.9866257467095,1876.8233339837786,1772.2731300617377,4.32061124169642,194.66710963657616,-41.70703967790953,-0.059699459880870526,7.757291815513639,0.023349037625701285
4.351461994890676,194.5612341997891,-43.6349407687595,-0.09081010659510425,1151.760457695693,1877.0,1796.9627610733694,4.351461994890676,194.5612341997891,-43.6349407687595,-0.09081010659510425,6.947169398392737,0.030850753194256342
4.368296770800876,194.58686439412827,-40.528684047727445,-0.34861412383574747,1165.1295371603978,1877.0,1791.776919227848,4.368296770800876,194.58686439412827,-40.528684047727445,-0.34861412383574747,5.317106676121868,0.016834775910200328
4.388334931628246,194.58253028355742,-36.01882118960523,-0.2641622123895405,1106.2252663832828,1877.0,1811.2841905907007,4.388334931628246,194.58253028355742,-36.01882118960523,-0.2641622123895405,5.232413521205801,0.020038160827369644
4.4410771940322515,194.60456523390914,-24.404622205972768,-0.5497172559350607,1498.4483842737322,1877.0,1796.3473166809945,4.4410771940322515,194.60456523390914,-24.404622205972768,-0.5497172559350607,3.6739300036975853,0.05274226240400548
4.457341978898478,194.291391714113,-24.75611869115852,-0.39708455499197387,1445.8060475290952,1877.0,1765.6407536163197,4.457341978898478,194.291391714113,-24.75611869115852,-0.39708455499197387,4.449151163953942,0.016264784866226734
4.4978425443681225,194.19009787784023,-21.79854816274983,-0.3556273363807436,1359.150226066362,1876.725705763308,1768.4096053023757,4.4978425443681225,194.19009787784023,-21.79854816274983,-0.3556273363807436,1.9115188295536851,0.0405005654696442
4.5055199616107,194.1418786130443,-29.532509818026647,0.07088238710244588,1454.518317885833,1877.0,1732.7885615447212,4.5055199616107,194.1418786130443,-29.532509818026647,0.07088238710244588,3.588927334033539,0.007677417242577533
4.530274984177747,194.4089426166846,-21.79213408771791,-0.11188312198482181,1518.1205917494167,1875.9885170304622,1728.5190519948887,4.530274984177747,194.4089426166846,-21.79213408771791,-0.11188312198482181,3.541775868021075,0.02475502256704676
4.571562463914073,194.52715805375306,-25.398499590762505,-0.11854392571768839,1308.8975827658326,1875.4853842316472,1755.174189666753,4.571562463914073,194.52715805375306,-25.398499590762505,-0.11854392571768839,3.709940358118925,0.04128747973632585
4.581620513447008,194.36243665756064,-27.758658896976634,0.20015999723469147,1518.1555236786182,1874.143037251588,1716.721305715248,4.581620513447008,194.36243665756064,-27.758658896976634,0.20015999723469147,4.735658017183205,0.010058049532934987
4.590971105345381,194.14157844095192,-26.980108139579347,0.40549051371977585,1523.7615736952505,1876.4424556477131,1691.7695438563992,4.590971105345381,194.14157844095192,-26.980108139579347,0.40549051371977585,2.8175088235773043,0.009350591898373395
4.619327465852822,194.10966884916286,-35.00201903239203,0.28177945690470296,1362.5946109436393,1877.0,1672.315871683499,4.619327465852822,194.10966884916286,-35.00201903239203,0.28177945690470296,5.607431531130125,0.02835636050744128
4.679216182917079,194.41081706209718,-32.57610284766183,0.3191800335873545,1581.6145174774647,1877.0,1672.8203221182494,4.679216182917079,194.41081706209718,-32.57610284766183,0.3191800335873545,5.9779990465267465,0.0598887170642568
4.694215620642824,194.36257966501682,-26.014564322590335,0.31749008543826956,1703.9506905872167,1877.0,1667.2059350658026,4.694215620642824,194.36257966501682,-26.014564322590335,0.31749008543826956,4.389003195537834,0.014999437725744968
4.705813179340734,194.4635856965477,-23.492726530908822,0.3637384927365402,1514.0004338598267,1877.0,1697.3557990388808,4.705813179340734,194.4635856965477,-23.492726530908822,0.3637384927365402,3.663020719397915,0.011597558697910237
4.734975526721766,194.58280985536814,-31.767457846217596,0.24085776973680253,1826.4410624085149,1877.0,1717.9174608359874,4.734975526721766,194.58280985536814,-31.767457846217596,0.24085776973680253,4.669235074366668,0.02916234738103185
4.775828457609306,194.8356065605719,-31.44724548931929,0.22589688726458396,1949.3099461967888,1876.5553236628587,1728.7940648075441,4.775828457609306,194.8356065605719,-31.44724548931929,0.22589688726458396,3.8822356706263914,0.04085293088753961
4.822404328668357,194.7607072007796,-26.2039038239978,-0.04668967808968391,1960.061723903242,1872.7286730271617,1732.3899733161068,4.822404328668357,194.7607072007796,-26.2039038239978,-0.04668967808968391,3.858586981159881,0.046575871059051366
4.8612638914894095,194.7640621640468,-36.04427091743478,-0.014632137289676012,2232.9344525795,1872.8286531042947,1740.9157434709032,4.8612638914894095,194.7640621640468,-36.04427091743478,-0.014632137289676012,6.666346490495623,0.03885956282105241
4.898987682777572,194.56745867902035,-41.01341552141648,0.0703280795972113,2265.7967536337,1873.2131991709355,1723.9143409759754,4.898987682777572,194.56745867902035,-41.01341552141648,0.0703280795972113,6.032983821612347,0.03772379128816272
4.942254932282903,194.6750967621617,-34.71674988540375,0.03686071163415176,2267.286809805289,1875.048799825725,1741.9825386391306,4.942254932282903,194.6750967621617,-34.71674988540375,0.03686071163415176,4.317708493462153,0.04326724950533034
4.984651103392879,194.82523454568442,-32.06395829379858,-0.23296243102988187,2165.115638449821,1877.0,1719.9082765171656,4.984651103392879,194.82523454568442,-32.06395829379858,-0.23296243102988187,4.317346655304401,0.042396171109976066
4.992035323887719,194.96373007487486,-28.682472946033577,-0.049337858549628716,2268.598083739129,1877.0,1737.6155377366622,4.992035323887719,194.96373007487486,-28.682472946033577,-0.049337858549628716,4.5032212391809665,0.007384220494840221
5.031289395130786,194.73919721856785,-17.155799608916986,0.022039166889695663,2352.758979365361,1877.0,1762.054500447975,5.031289395130786,194.73919721856785,-17.155799608916986,0.022039166889695663,2.199855944156701,0.039254071243067123
5.040337214072581,194.08085346175173,-13.899212321106845,-0.09526627721394412,2359.5194296125264,1877.0,1766.3030041690536,5.040337214072581,194.08085346175173,-13.899212321106845,-0.09526627721394412,2.570185131229167,0.009047818941795072
5.049326801949155,194.14854188605554,-9.661667706070363,-0.13286263853167393,2234.245764102414,1877.0,1762.6471459165084,5.049326801949155,194.14854188605554,-9.661667706070363,-0.13286263853167393,1.9720939166595848,0.008989587876573779
5.086653409778166,194.326288366202,6.144011357907839,-0.378028679492414,2262.2679217986806,1877.0,1770.7107990119243,5.086653409778166,194.326288366202,6.144011357907839,-0.378028679492414,-0.0326185232815277,0.037326607829011316
5.152966780624613,194.40027452201747,4.814170855580175,-0.5345447799850064,2256.9906202914644,1877.0,1712.720682052453,5.152966780624613,194.40027452201747,4.814170855580175,-0.5345447799850064,0.7014338439280066,0.06631337084644695
5.174144133042595,194.50668470775102,0.19669461304203928,-0.602959717351859,2044.6803514280523,1877.0,1719.802113102445,5.174144133042595,194.50668470775102,0.19669461304203928,-0.602959717351859,0.9663545324160548,0.021177352417981687
5.177335086628314,194.3555786097783,2.7005153648406686,-0.3672012825138668,1813.9402657607347,1877.0,1718.3460944222386,5.177335086628314,194.3555786097783,2.7005153648406686,-0.3672012825138668,-1.3393163688740601,0.0031909535857188587
5.21472569438929,194.28815099229766,5.1929980248728285,-0.458031347062639,1921.7092783644518,1877.0,1718.1863275590024,5.21472569438929,194.28815099229766,5.1929980248728285,-0.458031347062639,-1.6824841503071966,0.037390607760976025
5.2348481646142755,193.86633261080183,2.1090148557399413,-0.32723589919378016,1508.1894059657718,1877.0,1733.325228391019,5.2348481646142755,193.86633261080183,2.1090148557399413,-0.32723589919378016,-0.3921237048208156,0.02012247022498581
5.267642653605198,194.0943353419121,-3.763349446794123,-0.4019564606655529,1563.1052927658907,1877.0,1732.3782081262746,5.267642653605198,194.0943353419121,-3.763349446794123,-0.4019564606655529,0.11332705977970392,0.03279448899092241
5.282245297662356,194.17027958667845,9.581420790161005,-0.33994191093282633,1504.8863134021026,1877.0,1709.9271172614444,5.282245297662356,194.17027958667845,9.581420790161005,-0.33994191093282633,-2.5755398454850935,0.014602644057157832
5.293794356489801,194.07302835852516,11.228564459184156,-0.3463864525759566,1740.6423770400345,1877.0,1708.1019846414697,5.293794356489801,194.07302835852516,11.228564459184156,-0.3463864525759566,-2.1259764630506175,0.011549058827445613
5.299520223301174,194.13999062921422,6.792368897455657,-0.17911165513505564,1676.3507606892572,1877.0,1710.5345378321097,5.299520223301174,194.13999062921422,6.792368897455657,-0.17911165513505564,-1.4933682682373874,0.005725866811372882
5.334130752914176,194.19883535907312,11.879249543806186,-0.2576764231127334,1802.3340365610864,1877.0,1713.8755359876432,5.334130752914176,194.19883535907312,11.879249543806186,-0.2576764231127334,-2.453735171332134,0.03461052961300215
5.34301105754347,194.54737501189737,10.973603239798592,-0.5113897876215207,1752.6355360342895,1876.9180447044182,1718.0988717489008,5.34301105754347,194.54737501189737,10.973603239798592,-0.5113897876215207,-1.9618299721247945,0.00888030462929379
5.418325706181815,194.68726583695127,9.276251445361206,-0.7248924298856891,1787.6374346369325,1877.0,1739.9631834945508,5.418325706181815,194.68726583695127,9.276251445361206,-0.7248924298856891,-0.21298686648584986,0.07531464863834447
5.426880900422679,194.68387643898538,12.273806577774277,-0.7865819290738805,1924.0743741246833,1876.123201428707,1718.454732875558,5.426880900422679,194.68387643898538,12.273806577774277,-0.7865819290738805,-1.6418329454169023,0.008555194240864594
5.472083750044512,194.67229664849555,4.61819443820375,-0.9690976131126311,1861.1812158669961,1875.97823580661,1722.8648777596552,5.472083750044512,194.67229664849555,4.61819443820375,-0.9690976131126311,1.7790799103249069,0.045202849621833074
5.526007119000919,194.70181870277207,6.561126479510336,-0.8623128586760868,2038.7196586800176,1875.6230514770625,1749.6954684979999,5.526007119000919,194.70181870277207,6.561126479510336,-0.8623128586760868,-0.813660785906901,0.053923368956406925
5.575614110683686,194.79977480066822,17.335056879339945,-0.90857148549688,1886.4701083294462,1874.9668354030007,1714.8904089000268,5.575614110683686,194.79977480066822,17.335056879339945,-0.90857148549688,-2.8903243058382433,0.04960699168276683
5.607386281090814,194.74703395479426,19.543387282731167,-0.467585140796822,1948.438921831982,1876.0770648844798,1719.4515583148,5.607386281090814,194.74703395479426,19.543387282731167,-0.467585140796822,-2.927375209754809,0.03177217040712765
5.64380874226948,194.62626358326173,16.88631931036862,-0.7432570146793087,2112.1162232220445,1873.3369367552216,1708.4671397385791,5.64380874226948,194.62626358326173,16.88631931036862,-0.7432570146793087,-2.2764559181117527,0.03642246117866588
5.680362383718121,194.63773115903655,13.563256564290933,-0.6785835968459978,2229.4748817050227,1872.3255189915935,1702.0389401785146,5.680362383718121,194.63773115903655,13.563256564290933,-0.6785835968459978,-1.5992345274725763,0.03655364144864137
5.682667001948676,194.97189466187086,10.891163854221002,-0.8436234135034719,2550.433503870041,1873.3134104048695,1684.9499589461905,5.682667001948676,194.97189466187086,10.891163854221002,-0.8436234135034719,0.4430367477258734,0.0023046182305552776
5.722470304200623,194.7203125404538,9.190125394917386,-0.8951694865141236,2425.6930803028567,1872.1425113572218,1683.0557482151332,5.722470304200623,194.7203125404538,9.190125394917386,-0.8951694865141236,-2.2238392742151767,0.03980330225194706
5.793799219130748,194.77468413776597,6.83457171517427,-0.8365805923447625,2202.521842223828,1869.3559381646442,1721.8199077427855,5.793799219130748,194.77468413776597,6.83457171517427,-0.8365805923447625,-0.16613969909840487,0.07132891493012483
5.832661178522779,193.90249975960916,11.92235764912545,-1.2017035950487132,2046.8917948367173,1870.3777091820248,1697.0705322954088,5.832661178522779,193.90249975960916,11.92235764912545,-1.2017035950487132,-1.5806030497546937,0.03886195939203052
5.841649263703618,193.72382635046043,1.7630217253855598,-1.1175989978229364,2165.621340722399,1872.128029737687,1674.731619258513,5.841649263703618,193.72382635046043,1.7630217253855598,-1.1175989978229364,-1.8355510013784515,0.008988085180839711
5.8731604434806775,193.84858835777723,6.693538687021488,-0.7510278030278135,2255.3364865399885,1871.918577984723,1650.1663835604056,5.8731604434806775,193.84858835777723,6.693538687021488,-0.7510278030278135,-0.23333202095845995,0.031511179777059084
5.952296731730275,193.66530712969555,4.402172171462119,-0.7985159095937234,2278.400709380262,1868.556397556579,1687.288691914799,5.952296731730275,193.66530712969555,4.402172171462119,-0.7985159095937234,0.607297735084587,0.07913628824959762
5.958924307208594,193.701464730796,6.490140793235156,-0.7225758263469604,2100.1696998158027,1869.6558104385256,1679.4330488585929,5.958924307208594,193.701464730796,6.490140793235156,-0.7225758263469604,-1.8306975227627031,0.006627575478319159
5.997648921008137,193.4447195326496,-0.05254765130511707,-0.5180382291025265,2235.2785610030983,1866.834800257133,1680.5563490889183,5.997648921008137,193.4447195326496,-0.05254765130511707,-0.5180382291025265,-0.0010517201962031326,0.03872461379954295
6.001643749939131,193.8295881599791,7.59086318652516,-0.5229985150345291,2041.2317627865905,1867.3141918478748,1674.0384646367443,6.001643749939131,193.8295881599791,7.59086318652516,-0.5229985150345291,-2.8639837399864776,0.003994828930993677
6.007936762119109,193.60258710258933,14.532137562415716,-0.5991406186961122,2241.7885248790503,1865.8128061080813,1656.709219029664,6.007936762119109,193.60258710258933,14.532137562415716,-0.5991406186961122,-3.4386270940466934,0.006293012179978241
6.089656081870561,193.64641787662765,19.635560238977376,-0.9628965645137165,2716.746168342399,1863.8926307219467,1654.0546327798688,6.089656081870561,193.64641787662765,19.635560238977376,-0.9628965645137165,-1.897304458229354,0.08171931975145164
6.103874660980796,193.555269311494,10.489376535886153,-0.816822240955447,2773.8882930105633,1863.1938549865897,1705.8626465203047,6.103874660980796,193.555269311494,10.489376535886153,-0.816822240955447,-2.0398229863903574,0.014218579110234941
6.1376707339085845,193.71292769430914,14.970789201513444,-0.804132018054435,2865.4014436295256,1862.9351936027883,1735.0966462338838,6.1376707339085845,193.71292769430914,14.970789201513444,-0.804132018054435,-3.354421355165056,0.033796072927788856
6.146160051509615,193.56259093636928,16.900688999392482,-0.9456881390007766,2778.7143799429914,1861.922221752338,1718.3943352289402,6.146160051509615,193.56259093636928,16.900688999392482,-0.9456881390007766,-2.3056429854504428,0.008489317601030777
6.180155712711005,193.48992741668525,7.320873297422972,-0.8881191768976652,2477.8237783115796,1862.9610877222806,1732.3380515766476,6.180155712711005,193.48992741668525,7.320873297422972,-0.8881191768976652,-1.620543426044469,0.03399566120138964
6.2097676968899815,192.80763738196276,7.035361449597017,-0.953772956133967,2380.8803597172123,1862.2740890958808,1716.1235197869148,6.2097676968899815,192.80763738196276,7.035361449597017,-0.953772956133967,-1.5261258752150888,0.02961198417897659
6.236470755234063,192.95291381280518,8.973615046696509,-1.0080056704138598,2205.5274130656603,1863.9510067734216,1681.1463794495753,6.236470755234063,192.95291381280518,8.973615046696509,-1.0080056704138598,-0.6067162313295731,0.026703058344081043
6.248284613964006,192.87819502691457,11.944941157700207,-0.8665135697990057,1975.6368142011345,1864.442552224319,1703.3485851621529,6.248284613964006,192.87819502691457,11.944941157700207,-0.8665135697990057,-2.953474532589378,0.011813858729943227
6.28322915994005,193.47688154885404,12.669000389576086,-1.0619102577124921,2269.8582836190526,1863.311525364016,1727.9466554073636,6.28322915994005,193.47688154885404,12.669000389576086,-1.0619102577124921,-2.805715271118245,0.03494454597604424
6.326836168197712,193.81786041616758,14.020632520145076,-0.8433621158007427,2320.597353501724,1861.9256598727038,1749.7490195496118,6.326836168197712,193.81786041616758,14.020632520145076,-0.8433621158007427,-1.9490148858728928,0.04360700825766184
6.336307130090015,194.2621924514127,22.067810154676337,-1.04959748620414,2387.832137426091,1859.2796714190556,1740.4921457312219,6.336307130090015,194.2621924514127,22.067810154676337,-1.04959748620414,-2.3407617324532453,0.00947096189230301
6.39463176530653,194.6431938213358,23.8563863281157,-1.1239237763312633,2340.8306244600694,1859.8803964625695,1737.5431489283308,6.39463176530653,194.6431938213358,23.8563863281157,-1.1239237763312633,-2.3402976477275055,0.058324635216514764
6.402408782907322,194.5334485220805,11.347956808301188,-0.7537351346726144,2317.086717404083,1859.4057544409081,1753.1682680178628,6.402408782907322,194.5334485220805,11.347956808301188,-0.7537351346726144,-2.3672552416068013,0.007777017600792746
6.431657330889426,194.60129382328503,9.27158842378441,-0.5307411808672021,2480.261001889085,1855.6160124848766,1761.243448842671,6.431657330889426,194.60129382328503,9.27158842378441,-0.5307411808672021,-0.4533612966480136,0.02924854798210319
6.444490805548693,195.0026321104547,8.127951421975958,-0.4905799453674412,2476.764460975195,1854.9281984799093,1753.2965708832223,6.444490805548693,195.0026321104547,8.127951421975958,-0.4905799453674412,-2.0033350067668025,0.012833474659267097
6.484715940345403,194.87330135402652,-2.025166832928437,-0.62920046665368,2565.6284848566584,1853.6521717701344,1720.7535170150827,6.484715940345403,194.87330135402652,-2.025166832928437,-0.62920046665368,2.1299843718460654,0.040225134796710194
6.4901563124865875,194.8686064264805,-1.3553068084207704,-0.6933150972637703,2533.5966821377324,1856.4827644205761,1723.8687483373187,6.4901563124865875,194.8686064264805,-1.3553068084207704,-0.6933150972637703,-0.9304750041566129,0.005440372141184646
6.5305632336305,195.0717820464907,5.872143528701509,-0.6524381598553758,2478.2492059030174,1853.8545402742354,1746.4184458907646,6.5305632336305,195.0717820464907,5.872143528701509,-0.6524381598553758,0.44765728148650463,0.0404069211439122
6.535190016239357,194.21037318589734,-0.4217293801058277,-0.6189030641774799,2249.4756904366545,1851.7096585536642,1722.5273826082093,6.535190016239357,194.21037318589734,-0.4217293801058277,-0.6189030641774799,-0.5932266998028497,0.00462678260885685
6.554276804201489,195.09523643329123,1.5799583032306317,-0.6083363453318703,1931.7078254803014,1853.8117129086388,1736.210371000253,6.554276804201489,195.09523643329123,1.5799583032306317,-0.6083363453318703,1.7762527093100056,0.01908678796213259
6.591984647410936,195.05839181144785,-3.6124073643143615,-0.5878168220720987,1901.6083986013948,1856.2783898805174,1743.413566511727,6.591984647410936,195.05839181144785,-3.6124073643143615,-0.5878168220720987,1.1331818334996386,0.03770784320944642
6.628808324477572,194.73507758606675,-7.259422884634493,-0.5993085639096649,1924.246324455315,1855.2324986547314,1758.9290084013608,6.628808324477572,194.73507758606675,-7.259422884634493,-0.5993085639096649,0.07289690328695198,0.036823677066636584
6.645578937114272,195.6147420668661,1.4477040865465112,-0.8204419587686755,1726.3514970786323,1854.3935559092886,1776.5951848094676,6.645578937114272,195.6147420668661,1.4477040865465112,-0.8204419587686755,-0.7393940925244835,0.016770612636699767
6.677017706869911,195.60359664516645,-1.6141755926254528,-0.8766364290498609,1737.5827322605294,1855.6283623251743,1762.2642223047521,6.677017706869911,195.60359664516645,-1.6141755926254528,-0.8766364290498609,1.0233075441175596,0.031438769755639306
6.698859896711533,195.61080108984947,1.1400419392553185,-0.6863438566236989,1763.0513607206076,1851.9884764731592,1729.5844886004943,6.698859896711533,195.61080108984947,1.1400419392553185,-0.6863438566236989,0.8816381267272636,0.021842189841621895
6.732850279276846,196.09391809620809,-9.482070700815996,-0.8922690233086654,1425.7922248885634,1849.189103429463,1719.4450194308747,6.732850279276846,196.09391809620809,-9.482070700815996,-0.8922690233086654,1.3515950133979366,0.03399038256531295
6.769647888936577,196.07416547643464,1.484671978017598,-0.890381709694517,1298.6807473215295,1849.04998333819,1738.2473610881564,6.769647888936577,196.07416547643464,1.484671978017598,-0.890381709694517,-0.1780425157391733,0.03679760965973067
6.777639158243723,196.07055890313706,4.946019516639364,-0.9963489214657009,1390.874103221914,1851.9301281725445,1727.7632407613914,6.777639158243723,196.07055890313706,4.946019516639364,-0.9963489214657009,0.01645010514816092,0.007991269307145998
6.809372405983401,196.06669001985387,3.8304637389180884,-0.9398680719097676,1477.9116123110434,1851.480785708706,1714.417440343838,6.809372405983401,196.06669001985387,3.8304637389180884,-0.9398680719097676,-0.4427711338268933,0.03173324773967856
6.82056773819676,196.17700593016707,7.06701326905936,-0.9706058014359173,1310.6551891813897,1851.9247440185372,1678.565721818934,6.82056773819676,196.17700593016707,7.06701326905936,-0.9706058014359173,-2.35355684969728,0.011195332213358888
6.865858198683099,196.0917957205996,-1.104290631375945,-0.6812302030976793,1361.823789354427,1854.061746393968,1715.6297022003575,6.865858198683099,196.0917957205996,-1.104290631375945,-0.6812302030976793,-0.6473304299337889,0.045290460486338446
6.911684500980859,196.52165909330233,5.7383295840086035,-0.5665968105054355,1553.5870313556431,1857.7594649773428,1733.2273246223617,6.911684500980859,196.52165909330233,5.7383295840086035,-0.5665968105054355,-0.6256294944496255,0.04582630229776008
6.9169288796029,196.2610351332694,3.792955777750624,-0.7664445172110512,1701.3004329453654,1856.961002417329,1749.3454168420726,6.9169288796029,196.2610351332694,3.792955777750624,-0.7664445172110512,0.6465390498351,0.005244378622041523
6.958916867290336,196.2255847183961,2.5891081067040855,-0.6210915478836728,1703.0647161068284,1857.1012904583197,1769.1375174719556,6.958916867290336,196.2255847183961,2.5891081067040855,-0.6210915478836728,1.227616208156435,0.04198798768743561
7.020901547828382,196.267302363531,-0.2170205693549372,-0.7274225784689672,1643.7032203899762,1860.2688791478554,1780.6348047270426,7.020901547828382,196.267302363531,-0.2170205693549372,-0.7274225784689672,0.8120825061746908,0.06198468053804618
7.020901547828382,196.24480487707584,-3.4459800895417367,-0.796753933788244,1559.0778900706748,1857.8624893997396,1775.3162969168407,7.020901547828382,196.24480487707584,-3.4459800895417367,-0.796753933788244,0.8041877744676242,0.0
7.050384305302746,196.36206993613305,0.687520393997644,-0.7116278889235401,1655.9894720835393,1859.7057281322589,1771.7316553060655,7.050384305302746,196.36206993613305,0.687520393997644,-0.7116278889235401,0.6456858268828304,0.029482757474363908
7.116317129694935,196.41538054176894,2.197350604665111,-0.7668509180702306,1706.2599331953404,1858.1408956274586,1762.8896528845494,7.116317129694935,196.41538054176894,2.197350604665111,-0.7668509180702306,-0.9963534409066224,0.06593282439218928
7.150564155355561,197.30174758704544,5.917019104719149,-0.583575453230646,1826.7143535925404,1858.454182043524,1816.0864015695465,7.150564155355561,197.30174758704544,5.917019104719149,-0.583575453230646,-1.0407838259660864,0.03424702566062532
7.1598065490478335,197.43995726022527,5.76194272518198,-0.6910077121087614,1863.2057883590421,1858.1925648024853,1826.2246025375982,7.1598065490478335,197.43995726022527,5.76194272518198,-0.6910077121087614,-1.6884221301167734,0.009242393692272977
7.200633504626668,197.18734203427218,8.585354747793597,-0.7686072561159909,2011.5606971984953,1856.7573637355981,1815.5607328083183,7.200633504626668,197.18734203427218,8.585354747793597,-0.7686072561159909,-2.536545822876751,0.040826955578834756
7.222826328629207,197.0474858393141,6.014124081118833,-0.8502803938092264,2038.2441514650254,1855.3095231185955,1823.8829601172527,7.222826328629207,197.0474858393141,6.014124081118833,-0.8502803938092264,-0.5685696005316201,0.022192824002538636
7.2410862672733405,197.196639257363,18.609163607767073,-0.9139832487945273,2177.512766398393,1855.966056740738,1802.2145419660512,7.2410862672733405,197.196639257363,18.609163607767073,-0.9139832487945273,-2.6058612345803174,0.018259938644133555
7.319994288809699,197.42450529859184,9.19082677225906,-0.6909992782037719,2328.1148864510997,1857.7944260872446,1831.792829795229,7.319994288809699,197.42450529859184,9.19082677225906,-0.6909992782037719,-0.6909715313298461,0.07890802153635867
7.322624530072781,197.21250551873473,16.171280785147395,-0.5551677774964349,2201.0859062936447,1857.7320111043964,1817.0325530504226,7.322624530072781,197.21250551873473,16.171280785147395,-0.5551677774964349,-1.879580286879662,0.002630241263081423
7.358761800021414,197.3388059796171,23.55173684500256,-0.23847668269306194,1912.0870643574895,1858.0001540546984,1826.0442737601793,7.358761800021414,197.3388059796171,23.55173684500256,-0.23847668269306194,-3.290116255426522,0.03613726994863331
7.402662982595287,196.97771796866544,18.06291953238985,0.1641104899480525,2178.260086148641,1859.088576931335,1846.2871999670629,7.402662982595287,196.97771796866544,18.06291953238985,0.1641104899480525,-2.152821264180923,0.04390118257387332
7.440617410816822,197.31608860866262,23.8563863281157,-0.009577552355543195,2228.1750359403377,1857.613033869388,1852.3640994370273,7.440617410816822,197.31608860866262,23.8563863281157,-0.009577552355543195,-3.6211410454448316,0.03795442822153472
7.448325600460854,197.0572431380069,23.8563863281157,0.010298696695425524,1953.9866198983634,1858.986882029868,1852.4551128105118,7.448325600460854,197.0572431380069,23.8563863281157,0.010298696695425524,-3.1655665539949545,0.007708189644032082
7.484187565101192,197.12851325503087,23.8563863281157,-0.18366047710805047,1849.3086900542048,1860.4645006121816,1850.8541227316853,7.484187565101192,197.12851325503087,23.8563863281157,-0.18366047710805047,-4.304602351903715,0.03586196464033797
7.519895500232553,197.1348028530651,23.8563863281157,-0.30361974530709357,1990.2555061196235,1864.8526895310056,1847.9267666742473,7.519895500232553,197.1348028530651,23.8563863281157,-0.30361974530709357,-3.208752023578225,0.03570793513136117
7.523015605297331,196.8477930265763,23.8563863281157,-0.39474577746498474,1956.0157718767778,1864.243146754081,1834.5481896831839,7.523015605297331,196.8477930265763,23.8563863281157,-0.39474577746498474,-2.9100402639313456,0.0031201050647782225
7.531456347545476,197.62802771524963,23.8563863281157,-0.5561904281379628,1884.3689354078929,1863.5107130050162,1824.00706749603,7.531456347545476,197.62802771524963,23.8563863281157,-0.5561904281379628,-4.248139377289558,0.00844074224814495
7.564274942679755,197.60575615559182,23.8563863281157,-0.711890695480339,2127.719884236315,1864.8148439163945,1852.6461674087768,7.564274942679755,197.60575615559182,23.8563863281157,-0.711890695480339,-3.5266258502245083,0.03281859513427854
7.6279437078446675,197.53790715116327,23.8563863281157,-0.7076709271988155,1964.9061112094862,1866.1755095577403,1848.6305836848203,7.6279437078446675,197.53790715116327,23.8563863281157,-0.7076709271988155,-4.202060458846715,0.0636687651649126
7.648204969945858,197.56147528621082,23.8563863281157,-0.8870217921837055,1846.18599734211,1865.2775399605932,1831.013926606603,7.648204969945858,197.56147528621082,23.8563863281157,-0.8870217921837055,-4.10496464573347,0.02026126210119017
7.692102752725784,197.5363187810052,23.8563863281157,-0.7088185707040966,1895.3215146869402,1864.6149134916675,1819.1937704657405,7.692102752725784,197.5363187810052,23.8563863281157,-0.7088185707040966,-4.703387304319509,0.04389778277992651
7.718261388660867,197.33453535898852,23.8563863281157,-0.8369958932920222,1972.8267725401113,1865.5215362708147,1840.2684839656195,7.718261388660867,197.33453535898852,23.8563863281157,-0.8369958932920222,-2.3126830240507994,0.02615863593508294
7.74638578385706,197.30496170346,23.8563863281157,-0.3237547918843464,2066.1388365007842,1864.1546725783728,1852.3410050913023,7.74638578385706,197.30496170346,23.8563863281157,-0.3237547918843464,-2.512772774497307,0.02812439519619314
7.796668356788227,197.3920033043638,23.8563863281157,-0.3837097701469459,2225.5932051955997,1863.5023570898059,1861.8433451857034,7.796668356788227,197.3920033043638,23.8563863281157,-0.3837097701469459,-3.041024094990018,0.05028257293116667
7.83327274906702,197.56287747847162,23.8563863281157,-0.3523361223847837,2265.041147125909,1863.6871914104245,1854.6341668013558,7.83327274906702,197.56287747847162,23.8563863281157,-0.3523361223847837,-1.6062619972735412,0.036604392278793085
7.842485723750539,197.6362581437293,23.8563863281157,-0.5557957633955996,2351.368206188745,1865.3617961191549,1864.3539304065064,7.842485723750539,197.6362581437293,23.8563863281157,-0.5557957633955996,-3.7677036457857467,0.009212974683519448
7.883316236709826,197.49585262489765,23.8563863281157,-0.23974476219946822,2313.261210811236,1864.3655605484737,1849.2961118001588,7.883316236709826,197.49585262489765,23.8563863281157,-0.23974476219946822,-0.5466955341067208,0.0408305129592863
7.931481339945814,197.18056218940544,23.8563863281157,-0.03351399083812656,2328.682632929936,1861.3496394581769,1842.2956005804704,7.931481339945814,197.18056218940544,23.8563863281157,-0.03351399083812656,-3.8059873645805755,0.04816510323598866
8.009434684729564,197.13375481365318,23.277096206625068,0.025823505876209227,2351.145010706773,1858.2717493958085,1860.2706976407867,8.009434684729564,197.13375481365318,23.277096206625068,0.025823505876209227,-3.2363710792377436,0.07795334478374993
8.018636970676079,197.25138117570353,23.8563863281157,-0.19778359177726046,2390.789753877639,1856.338318536462,1875.9565468006451,8.018636970676079,197.25138117570353,23.8563863281157,-0.19778359177726046,-3.976235863157563,0.009202285946514621
8.092243253442737,197.11402672250426,22.878320896929203,-0.14827123488336882,2521.0160382455565,1854.3549799565462,1853.831661825778,8.092243253442737,197.11402672250426,22.878320896929203,-0.14827123488336882,-3.0594225744790755,0.07360628276665793
8.099238022254708,197.04660891298994,19.75787123296915,-0.3281048126221411,2613.0030989133625,1854.320365870863,1834.7023572498003,8.099238022254708,197.04660891298994,19.75787123296915,-0.3281048126221411,-2.128065757059128,0.0069947688119711415
8.132794000701661,197.09275020150847,2.3993234079429797,-0.06057662138811154,2619.400275026155,1852.5821860591711,1835.4341106774332,8.132794000701661,197.09275020150847,2.3993234079429797,-0.06057662138811154,-0.4738149042445309,0.03355597844695346
8.199075729720175,197.1239022271078,-4.706165724265014,0.08720005858798813,2485.7916724461697,1851.6798017201972,1868.8250876621878,8.199075729720175,197.1239022271078,-4.706165724265014,0.08720005858798813,2.4826447057573726,0.06628172901851315
8.23202250995084,197.51913256109222,1.8930583470710962,0.10845273304705777,2498.5776395730472,1850.6779267351526,1827.9819737816558,8.23202250995084,197.51913256109222,1.8930583470710962,0.10845273304705777,-0.04480946742720368,0.032946780230664885
8.279870668392,197.3871674569847,-1.8776122012753067,-0.3040089874355164,2495.4227802324926,1850.2457555375202,1832.2748622083184,8.279870668392,197.3871674569847,-1.8776122012753067,-0.3040089874355164,0.5521272163014952,0.04784815844116075
8.36010274211324,197.47011966854384,0.30556815634660683,-0.4555624151104132,2528.5894613043215,1852.7273003311525,1803.0616836564413,8.36010274211324,197.47011966854384,0.30556815634660683,-0.4555624151104132,-0.9548329179657085,0.08023207372123942
8.388569290415575,197.64701213175672,-7.553884772760128,-0.31670785395882683,2891.115046055949,1854.0707559193722,1789.4161687300875,8.388569290415575,197.64701213175672,-7.553884772760128,-0.31670785395882683,1.5515817904644036,0.02846654830233497
8.422723311520633,197.6417612755847,0.9416671756806627,-0.09219466030897158,2798.8465275708622,1854.32317014034,1781.4958911789788,8.422723311520633,197.6417612755847,0.9416671756806627,-0.09219466030897158,-0.275277297161465,0.03415402110505816
8.501392959988536,198.07292893772183,0.16542045711717612,0.10784247236317318,2863.4994486101687,1853.7842840428023,1772.6011433808492,8.501392959988536,198.07292893772183,0.16542045711717612,0.10784247236317318,-0.6330527979048632,0.07866964846790303
8.50620801730488,198.26470554969268,1.8853746663455793,-0.16016940214718398,3032.7783712130818,1853.3019737024504,1761.5957572511302,8.50620801730488,198.26470554969268,1.8853746663455793,-0.16016940214718398,-1.0592806081002006,0.004815057316344351
8.543427907899975,198.01272337098285,15.151468002492859,-0.09623916255480025,3039.596329176522,1854.0832428057124,1761.7393308589894,8.543427907899975,198.01272337098285,15.151468002492859,-0.09623916255480025,0.39904317938275646,0.037219890595094896
8.56817637175385,198.179032152234,23.408718467724082,0.08789932012754062,3084.0,1855.2714169404824,1750.9216949192491,8.56817637175385,198.179032152234,23.408718467724082,0.08789932012754062,-3.7747850203376476,0.02474846385387508
8.585880560311773,198.20230502622917,21.03247103242616,-0.1908589938735783,3084.0,1853.9776776790136,1721.5899213706657,8.585880560311773,198.20230502622917,21.03247103242616,-0.1908589938735783,-4.611856075645192,0.017704188557923217
8.592494595664663,198.78316380489315,17.094421607214603,-0.17894186723375555,3084.0,1854.265488184957,1738.1422399096057,8.592494595664663,198.78316380489315,17.094421607214603,-0.17894186723375555,-3.262384700814763,0.0066140353528894025
8.601794341144759,198.7881668206703,14.799476275681867,-0.11918834200000414,3084.0,1851.139748964375,1753.8181341681166,8.601794341144759,198.7881668206703,14.799476275681867,-0.11918834200000414,-2.2714892808284937,0.009299745480095822
8.628504646130207,198.8660506459265,17.332953078131297,-0.15951619610658202,3084.0,1851.7730651482038,1771.0047125441056,8.628504646130207,198.8660506459265,17.332953078131297,-0.15951619610658202,-2.0532759291032097,0.02671030498544802
8.650254367484271,199.0267585496698,16.28603395490772,-0.46400679016501467,3084.0,1853.300716647605,1739.6899954214841,8.650254367484271,199.0267585496698,16.28603395490772,-0.46400679016501467,-1.888108571510844,0.021749721354064278
8.658002680658017,199.0216817043417,13.618259824280766,-0.49825506791100194,3084.0,1853.0804596993812,1746.164567221592,8.658002680658017,199.0216817043417,13.618259824280766,-0.49825506791100194,-1.3661244218655895,0.007748313173745913
8.703530330804012,199.13921823921746,21.64087571137088,-0.5317508357329591,3084.0,1856.3193556539438,1760.1266859864395,8.703530330804012,199.13921823921746,21.64087571137088,-0.5317508357329591,-3.890991663342962,0.04552765014599558
8.777999280753168,199.21820672373596,20.413526472855406,-0.5335832199228728,3084.0,1855.0481247479338,1739.3226414482563,8.777999280753168,199.21820672373596,20.413526472855406,-0.5335832199228728,-2.7215885274267655,0.07446894994915532
8.81162631682975,199.57362400431643,23.8563863281157,-0.6064162610543032,3084.0,1855.6127096974053,1739.951396515249,8.81162631682975,199.57362400431643,23.8563863281157,-0.6064162610543032,-4.454517413327934,0.033627036076582684
8.820325625958393,198.7077950945771,23.8563863281157,-0.6564592809456246,3084.0,1855.748675332414,1738.0335535038298,8.820325625958393,198.7077950945771,23.8563863281157,-0.6564592809456246,-4.198100932231367,0.008699309128642696
8.827907307308427,198.62436611974985,23.8563863281157,-0.6360139624123092,3084.0,1855.775683867885,1775.7162377958089,8.827907307308427,198.62436611974985,23.8563863281157,-0.6360139624123092,-4.496166923717615,0.007581681350034231
8.828651360583796,198.70904718941497,23.8563863281157,-0.5337064963954248,3084.0,1855.7790428111532,1814.3087350649364,8.828651360583796,198.70904718941497,23.8563863281157,-0.5337064963954248,-4.766846803815625,0.0007440532753690832
8.863378200799406,198.80118159688405,23.8563863281157,-0.5622252357531595,3084.0,1856.147199935757,1779.6306400300389,8.863378200799406,198.80118159688405,23.8563863281157,-0.5622252357531595,-2.5142484603593465,0.03472684021561001
8.912336849912249,198.89773366983277,23.8563863281157,-0.6078870761992728,3084.0,1857.7287647149515,1829.6479773137173,8.912336849912249,198.89773366983277,23.8563863281157,-0.6078870761992728,-2.8898462482384675,0.04895864911284242
8.959589727302356,198.5016797830759,23.8563863281157,-0.5663094890617308,3084.0,1860.1516598648539,1809.796355947324,8.959589727302356,198.5016797830759,23.8563863281157,-0.5663094890617308,-2.601792579239225,0.04725287739010753
8.974413089624006,198.2243306801938,23.8563863281157,-0.8703569372052474,3084.0,1860.2521702008041,1828.6409996819787,8.974413089624006,198.2243306801938,23.8563863281157,-0.8703569372052474,-3.539144883193059,0.014823362321649824
8.979491807730339,198.4205175764682,23.8563863281157,-0.7551040482582022,3084.0,1861.6978473313122,1846.903198086513,8.979491807730339,198.4205175764682,23.8563863281157,-0.7551040482582022,-2.8016502503522087,0.005078718106332758
9.013085561828676,197.999360949774,23.8563863281157,-0.7250037916595051,3084.0,1860.6147778050256,1825.0810013274781,9.013085561828676,197.999360949774,23.8563863281157,-0.7250037916595051,-5.3397473538599005,0.033593754098337314
9.01950678930686,198.1842212674864,23.8563863281157,-0.6889204896997403,3084.0,1861.9718668845392,1833.7738282221746,9.01950678930686,198.1842212674864,23.8563863281157,-0.6889204896997403,-2.715370431172,0.006421227478183411
9.028290404870075,197.31222923624094,23.61745235320654,-0.4963720560907098,3084.0,1860.7840795547042,1830.1559507243546,9.028290404870075,197.31222923624094,23.61745235320654,-0.4963720560907098,-3.365498022975951,0.008783615563215719
9.070056133459163,197.1043754870275,14.850979374312875,-0.8079741793745016,3084.0,1862.672827161695,1839.9808020411938,9.070056133459163,197.1043754870275,14.850979374312875,-0.8079741793745016,-1.6005373059977657,0.04176572858908756
9.147362526036877,197.1597494603103,4.407731677748163,-1.113823508253948,3084.0,1866.3692923903222,1843.0709169297213,9.147362526036877,197.1597494603103,4.407731677748163,-1.113823508253948,-0.28113645261361137,0.07730639257771443
9.16912944783901,197.10151728884657,4.971782937282761,-1.0260301284285676,3084.0,1866.1479894842912,1865.6067622660012,9.16912944783901,197.10151728884657,4.971782937282761,-1.0260301284285676,-1.7328225951293006,0.0217669218021328
9.187314216782307,197.44020285700014,11.304614848977533,-0.9889231353841923,3084.0,1862.519431526089,1865.0476784722455,9.187314216782307,197.44020285700014,11.304614848977533,-0.9889231353841923,-3.1937320027376765,0.018184768943296348
9.187314216782307,198.2851896436779,10.961583908955284,-0.9226025539687629,3084.0,1861.673185660891,1859.5853834382826,9.187314216782307,198.2851896436779,10.961583908955284,-0.9226025539687629,-2.3562917525262557,0.0
9.227107236633724,198.31183761754,-2.1724531890556946,-0.9664296672881716,3084.0,1863.7768440336217,1879.7652697286546,9.227107236633724,198.31183761754,-2.1724531890556946,-0.9664296672881716,0.8907852596312664,0.03979301985141781
9.243416944750042,198.20870498415138,-3.121516053761728,-0.8162530257736498,3084.0,1864.7199126081525,1889.124495556793,9.243416944750042,198.20870498415138,-3.121516053761728,-0.8162530257736498,1.1583188232396546,0.016309708116317267
9.277541041900808,197.87636366679428,-3.8828087824933557,-0.6246904552734831,3084.0,1865.1429229741623,1901.3553344701818,9.277541041900808,197.87636366679428,-3.8828087824933557,-0.6246904552734831,-0.7855209600078594,0.03412409715076592
9.285641528940848,198.27299966584653,8.247252742110376,-0.5156192207236134,3081.425391966721,1866.8093888670762,1885.1327487422088,9.285641528940848,198.27299966584653,8.247252742110376,-0.5156192207236134,-2.218187278784771,0.00810048704004096
9.297595691726018,198.1719802646178,-0.2290347771149417,-0.5372229177234032,2916.47569601402,1867.5787297290397,1861.5445411762344,9.297595691726018,198.1719802646178,-0.2290347771149417,-0.5372229177234032,-0.688880469373598,0.011954162785169586
9.304134936397551,198.15749336145606,-2.3753409611530714,-0.8740912946989152,3084.0,1869.5409610898857,1848.0749406905336,9.304134936397551,198.15749336145606,-2.3753409611530714,-0.8740912946989152,-0.001003916093854973,0.0065392446715328845
9.33889904769288,197.886650585787,7.48680937551996,-0.708744236427043,3084.0,1870.9724097958288,1833.8020694704144,9.33889904769288,197.886650585787,7.48680937551996,-0.708744236427043,-2.4850722371806464,0.034764111295329414
9.34214715356171,198.03214181602837,9.898298635345665,-0.4709569837950537,3084.0,1873.3676547347611,1848.2380110206489,9.34214715356171,198.03214181602837,9.898298635345665,-0.4709569837950537,-2.906796561441982,0.0032481058688293984
9.350744709667458,198.01118056315477,12.88311844722488,-0.33903057987640683,3084.0,1873.7987734379801,1866.2190937981698,9.350744709667458,198.01118056315477,12.88311844722488,-0.33903057987640683,-2.754303063491286,0.008597556105748083
9.400502861691221,197.40120772295538,13.221957875297468,-0.4717824876414003,3084.0,1875.121726156396,1860.9908087428053,9.400502861691221,197.40120772295538,13.221957875297468,-0.4717824876414003,-1.8970398450696144,0.0497581520237631
9.41586926364034,198.29882552395367,14.777546719299174,-0.33483038950548566,3084.0,1874.4204624007716,1887.9070192565134,9.41586926364034,198.29882552395367,14.777546719299174,-0.33483038950548566,-3.397226347648367,0.015366401949119535
9.450732685172113,198.22331208781705,18.836849731522143,-0.17004504788825614,3084.0,1873.2482239452322,1904.81050254094,9.450732685172113,198.22331208781705,18.836849731522143,-0.17004504788825614,-2.9413309697000876,0.03486342153177269
9.496479912313827,198.5147306963344,13.732586924938033,0.10924137933823713,3084.0,1875.9029043266216,1904.81050254094,9.496479912313827,198.5147306963344,13.732586924938033,0.10924137933823713,-1.0013352225988894,0.045747227141713864
9.535036569445873,198.9261309572606,18.395503396203072,-0.036354438714326004,3084.0,1876.048357447091,1895.238302001413,9.535036569445873,198.9261309572606,18.395503396203072,-0.036354438714326004,-4.061105246843971,0.03855665713204637
9.550649062278708,199.5660511935082,10.094090250078906,-0.06645629350506801,3020.6281433686263,1877.0,1904.81050254094,9.550649062278708,199.5660511935082,10.094090250078906,-0.06645629350506801,-1.7205592959223754,0.015612492832834945
9.62042358343191,199.65397569772787,11.734539023390955,0.07090465972268298,2962.5065025493736,1877.0,1904.81050254094,9.62042358343191,199.65397569772787,11.734539023390955,0.07090465972268298,-0.7354241197578706,0.06977452115320126
9.630757280392253,199.52605800332083,12.473339674419552,0.0861411924816949,2755.243051258246,1875.927066289563,1904.81050254094,9.630757280392253,199.52605800332083,12.473339674419552,0.0861411924816949,-2.289269341526742,0.01033369696034292
9.648925207996452,199.32769679809664,8.660616381581672,-0.10002284792603389,2806.466790247493,1875.7338739182726,1904.81050254094,9.648925207996452,199.32769679809664,8.660616381581672,-0.10002284792603389,-1.8727621480956698,0.01816792760419972
9.659743407810737,199.26987442176676,8.3440965263212,-0.018556968934158397,2810.221011440407,1877.0,1888.331788602015,9.659743407810737,199.26987442176676,8.3440965263212,-0.018556968934158397,-0.08811866464170626,0.010818199814284668
9.70763100749318,199.0342994774658,4.619660601409102,0.0885255327010967,2884.2748976998714,1877.0,1856.1269291033657,9.70763100749318,199.0342994774658,4.619660601409102,0.0885255327010967,-0.999151169182913,0.047887599682443494
9.742465360137238,199.08049492672635,-1.5519422302136467,0.10845961955790462,2961.224268109906,1875.4729450135244,1867.0189207515152,9.742465360137238,199.08049492672635,-1.5519422302136467,0.10845961955790462,1.3372863597376148,0.034834352644057986
9.785724530275683,199.24383937156784,-3.447411697228933,0.15031014737791687,3052.2524469694026,1874.9160600700206,1849.0828829031889,9.785724530275683,199.24383937156784,-3.447411697228933,0.15031014737791687,0.9460771457115387,0.0432591701384446
9.840522088319048,199.3672737083017,-9.560945224927732,0.10909164096990813,2981.408443017011,1877.0,1904.81050254094,9.840522088319048,199.3672737083017,-9.560945224927732,0.10909164096990813,1.091297130829323,0.05479755804336506
9.855226082402794,199.5340747865545,-7.3625809325166065,0.36622774506139427,3084.0,1877.0,1884.2442835790966,9.855226082402794,199.5340747865545,-7.3625809325166065,0.36622774506139427,1.5840776704750212,0.014703994083745897
9.885517202709158,199.7928084663308,-13.621276140779681,0.20871744433290992,3084.0,1873.862728350711,1856.388795620766,9.885517202709158,199.7928084663308,-13.621276140779681,0.20871744433290992,2.36364093496299,0.03029112030636405
9.920298931693697,199.6051034501505,-9.083921041452214,0.109535860771443,3023.530539817836,1876.8120708800598,1864.7962776924114,9.920298931693697,199.6051034501505,-9.083921041452214,0.109535860771443,2.3834709772203064,0.03478172898453913
9.956204527698551,199.56428426479678,-15.469827247449665,0.11567235515434604,2850.1623174512424,1877.0,1893.624054484981,9.956204527698551,199.56428426479678,-15.469827247449665,0.11567235515434604,1.772128549252431,0.03590559600485399
9.991398748665414,199.7409661790545,-18.159412740182997,0.2700941664392995,2559.269499278094,1877.0,1892.2862533283846,9.991398748665414,199.7409661790545,-18.159412740182997,0.2700941664392995,2.7651179778090693,0.0351942209668632
10.024771319865504,199.29517732151794,-21.10049788614659,0.013403254832638267,2562.3348563268714,1876.4935828138528,1901.2303489688666,10.024771319865504,199.29517732151794,-21.10049788614659,0.013403254832638267,3.103559003317351,0.03337257120008985
10.063875686474299,199.5079252893826,-12.845499037932985,-0.2035867754779239,2542.531451636088,1877.0,1861.19396708025,10.063875686474299,199.5079252893826,-12.845499037932985,-0.2035867754779239,2.6309729973297324,0.039104366608794905
10.070277349714383,199.48613675262183,-10.505912983894861,-0.5384971543779691,2466.306959219944,1876.907538534288,1845.5135121274982,10.070277349714383,199.48613675262183,-10.505912983894861,-0.5384971543779691,0.5507077531400535,0.0064016632400836215
10.122828072908117,199.5122856996058,-11.324458528961443,-0.509206138374196,2798.016066227422,1877.0,1822.1449287545813,10.122828072908117,199.5122856996058,-11.324458528961443,-0.509206138374196,2.7156458275820725,0.05255072319373433
10.153506208133633,199.5412749234886,-8.07095006432846,-0.6776770863874662,2883.4529343782892,1877.0,1782.649930636855,10.153506208133633,199.5412749234886,-8.07095006432846,-0.6776770863874662,1.6769712818196856,0.0306781352255161
10.191594788536387,199.54625335564995,-19.761093257283648,-0.7155821201944991,2996.2133901531665,1877.0,1784.5899588866407,10.191594788536387,199.54625335564995,-19.761093257283648,-0.7155821201944991,1.6472389149596007,0.038088580402753536
10.219737283139846,199.74101461924508,-19.341457180033046,-0.5734398733371294,2835.0791974537074,1877.0,1738.8204881902232,10.219737283139846,199.74101461924508,-19.341457180033046,-0.5734398733371294,4.109481402485457,0.02814249460345941
10.261010274473275,200.14617899402907,-7.308709121899552,-0.6584316155221093,2666.009595463126,1877.0,1712.5641727664422,10.261010274473275,200.14617899402907,-7.308709121899552,-0.6584316155221093,3.3303994490826643,0.04127299133342888
10.297987580897704,200.10717156897852,-6.2629232195929925,-0.5915735166690471,2670.1317665921897,1877.0,1702.690885676586,10.297987580897704,200.10717156897852,-6.2629232195929925,-0.5915735166690471,1.9412724524883567,0.0369773064244292
10.34490461182001,199.9905960485826,-5.61559174443139,-0.617485776834182,2696.4973244736425,1877.0,1687.0740835855186,10.34490461182001,199.9905960485826,-5.61559174443139,-0.617485776834182,2.269323528891178,0.04691703092230526
10.408209927112855,200.12123664794612,-2.2518633949525975,-0.4764499640382366,2389.6947554667763,1875.517645288691,1696.570385259338,10.408209927112855,200.12123664794612,-2.2518633949525975,-0.4764499640382366,0.42315089084547775,0.06330531529284578
10.42639833790941,200.19811139313813,2.9905510571405154,-0.3733404943429843,2363.754685151473,1876.3270116843198,1704.0419297397348,10.42639833790941,200.19811139313813,2.9905510571405154,-0.3733404943429843,-2.1100875783095874,0.01818841079655442
10.436947705864563,200.5208674537862,-8.406323086650506,-0.4729547914778504,2370.1955501069656,1877.0,1723.246701151407,10.436947705864563,200.5208674537862,-8.406323086650506,-0.4729547914778504,-0.5831719881699491,0.010549367955153599
10.445091993708612,200.8138884891571,-17.66591703435467,-0.4800712351679279,2338.93422750972,1877.0,1739.2106392755234,10.445091993708612,200.8138884891571,-17.66591703435467,-0.4800712351679279,2.904969599020959,0.008144287844048748
10.457684935651365,200.84982548823817,-15.865358462877875,-0.27958924941635177,2210.2359316709562,1877.0,1762.7019902047723,10.457684935651365,200.84982548823817,-15.865358462877875,-0.27958924941635177,1.7878249617017015,0.012592941942752844
10.499252792474806,201.21639657588926,-19.389557176948355,-0.19636946341149347,2129.001261976862,1877.0,1762.6390948779922,10.499252792474806,201.21639657588926,-19.389557176948355,-0.19636946341149347,1.9938572982149019,0.04156785682344122
10.499735926803465,201.57579391241302,-11.260640386157466,-0.42189075232921813,2108.840221030104,1877.0,1768.7465743758723,10.499735926803465,201.57579391241302,-11.260640386157466,-0.42189075232921813,1.6263493739549444,0.00048313432865931816
10.534384052319826,201.40712400015343,-12.64585176205486,-0.289544539071594,2132.9564262314016,1877.0,1778.934677098901,10.534384052319826,201.40712400015343,-12.64585176205486,-0.289544539071594,2.512463052169517,0.03464812551636065
10.557628048485007,201.30538657847063,-23.215083641304844,-0.45884164010945555,2240.842510235272,1877.0,1781.4475019553056,10.557628048485007,201.30538657847063,-23.215083641304844,-0.45884164010945555,2.029504999433579,0.023243996165181358
10.56516074294577,200.58418291365507,-29.6700495473452,-0.19591704634236498,2424.6061874692955,1876.2634704858945,1773.024690905211,10.56516074294577,200.58418291365507,-29.6700495473452,-0.19591704634236498,4.001629811821395,0.007532694460762102
10.63772535508813,200.51900485055782,-43.6349407687595,-0.007319964773156162,2379.2746238367654,1877.0,1766.0783927281984,10.63772535508813,200.51900485055782,-43.6349407687595,-0.007319964773156162,8.05511179843424,0.07256461214235976
10.67270168431436,200.73003088899102,-43.6349407687595,0.05002913460743674,2308.326453833449,1876.2359166227277,1749.4711497426208,10.67270168431436,200.73003088899102,-43.6349407687595,0.05002913460743674,5.46995273509255,0.03497632922623062
10.703026455362373,200.5287447333226,-43.6349407687595,0.08296700899437391,2385.3086396687745,1876.8419952260485,1758.2287458701621,10.703026455362373,200.5287447333226,-43.6349407687595,0.08296700899437391,7.4150023024788805,0.030324771048013233
